Workbook

Sheet 📋 Raw Data
A1: # | B1: الشهر | C1: المنطقة | D1: المنتج | E1: البائع | F1: الكمية | G1: سعر الوحدة (ج.م) | H1: إجمالي المبيعات (ج.م) | I1: تكلفة البضاعة (ج.م) | J1: صافي الربح (ج.م) | K1: نسبة الربح %
A2: 1 | B2: يناير | C2: الشمال | D2: لابتوب برو | E2: محمود حسن | F2: 18 | G2: 4340.89 | H2: =F2*G2 -> 78136.02 | I2: =F2*G2*0.62 -> 48444.332 | J2: =H2-I2 -> 29691.688 | K2: =IF(H2=0,0,J2/H2) -> 0.38
A3: 2 | B3: يناير | C3: الوسط | D3: لابتوب برو | E3: أحمد محمد | F3: 40 | G3: 4519.73 | H3: =F3*G3 -> 180789.2 | I3: =F3*G3*0.62 -> 112089.3 | J3: =H3-I3 -> 68699.896 | K3: =IF(H3=0,0,J3/H3) -> 0.38
A4: 3 | B4: يناير | C4: الشمال | D4: لابتوب برو | E4: سارة علي | F4: 17 | G4: 4594.82 | H4: =F4*G4 -> 78111.94 | I4: =F4*G4*0.62 -> 48429.403 | J4: =H4-I4 -> 29682.537 | K4: =IF(H4=0,0,J4/H4) -> 0.38
A5: 4 | B5: يناير | C5: الوسط | D5: لابتوب برو | E5: سارة علي | F5: 37 | G5: 4517.57 | H5: =F5*G5 -> 167150.09 | I5: =F5*G5*0.62 -> 103633.06 | J5: =H5-I5 -> 63517.034 | K5: =IF(H5=0,0,J5/H5) -> 0.38
A6: 5 | B6: يناير | C6: الوسط | D6: سماعات لاسلكية | E6: محمود حسن | F6: 3 | G6: 696.64 | H6: =F6*G6 -> 2089.92 | I6: =F6*G6*0.45 -> 940.464 | J6: =H6-I6 -> 1149.456 | K6: =IF(H6=0,0,J6/H6) -> 0.55
A7: 6 | B7: يناير | C7: الغرب | D7: هاتف سمارت | E7: محمود حسن | F7: 20 | G7: 2663.07 | H7: =F7*G7 -> 53261.4 | I7: =F7*G7*0.58 -> 30891.612 | J7: =H7-I7 -> 22369.788 | K7: =IF(H7=0,0,J7/H7) -> 0.42
A8: 7 | B8: يناير | C8: الشمال | D8: تابلت إكس | E8: أحمد محمد | F8: 27 | G8: 1784.75 | H8: =F8*G8 -> 48188.25 | I8: =F8*G8*0.55 -> 26503.538 | J8: =H8-I8 -> 21684.712 | K8: =IF(H8=0,0,J8/H8) -> 0.45
A9: 8 | B9: يناير | C9: الوسط | D9: تابلت إكس | E9: محمود حسن | F9: 5 | G9: 2025.3 | H9: =F9*G9 -> 10126.5 | I9: =F9*G9*0.55 -> 5569.575 | J9: =H9-I9 -> 4556.925 | K9: =IF(H9=0,0,J9/H9) -> 0.45
A10: 9 | B10: يناير | C10: الشمال | D10: ساعة ذكية | E10: نورا إبراهيم | F10: 8 | G10: 1236.49 | H10: =F10*G10 -> 9891.92 | I10: =F10*G10*0.5 -> 4945.96 | J10: =H10-I10 -> 4945.96 | K10: =IF(H10=0,0,J10/H10) -> 0.5
A11: 10 | B11: يناير | C11: الشرق | D11: ساعة ذكية | E11: خالد يوسف | F11: 15 | G11: 1273.1 | H11: =F11*G11 -> 19096.5 | I11: =F11*G11*0.5 -> 9548.25 | J11: =H11-I11 -> 9548.25 | K11: =IF(H11=0,0,J11/H11) -> 0.5
A12: 11 | B12: يناير | C12: الجنوب | D12: لابتوب برو | E12: محمود حسن | F12: 8 | G12: 4909.79 | H12: =F12*G12 -> 39278.32 | I12: =F12*G12*0.62 -> 24352.558 | J12: =H12-I12 -> 14925.762 | K12: =IF(H12=0,0,J12/H12) -> 0.38
A13: 12 | B13: يناير | C13: الغرب | D13: لابتوب برو | E13: محمود حسن | F13: 32 | G13: 4712.12 | H13: =F13*G13 -> 150787.84 | I13: =F13*G13*0.62 -> 93488.461 | J13: =H13-I13 -> 57299.379 | K13: =IF(H13=0,0,J13/H13) -> 0.38
A14: 13 | B14: يناير | C14: الجنوب | D14: تابلت إكس | E14: محمود حسن | F14: 25 | G14: 1827.61 | H14: =F14*G14 -> 45690.25 | I14: =F14*G14*0.55 -> 25129.638 | J14: =H14-I14 -> 20560.612 | K14: =IF(H14=0,0,J14/H14) -> 0.45
A15: 14 | B15: يناير | C15: الشمال | D15: تابلت إكس | E15: خالد يوسف | F15: 13 | G15: 1950.97 | H15: =F15*G15 -> 25362.61 | I15: =F15*G15*0.55 -> 13949.436 | J15: =H15-I15 -> 11413.174 | K15: =IF(H15=0,0,J15/H15) -> 0.45
A16: 15 | B16: يناير | C16: الجنوب | D16: هاتف سمارت | E16: نورا إبراهيم | F16: 27 | G16: 2727.17 | H16: =F16*G16 -> 73633.59 | I16: =F16*G16*0.58 -> 42707.482 | J16: =H16-I16 -> 30926.108 | K16: =IF(H16=0,0,J16/H16) -> 0.42
A17: 16 | B17: يناير | C17: الجنوب | D17: ساعة ذكية | E17: محمود حسن | F17: 6 | G17: 1158.97 | H17: =F17*G17 -> 6953.82 | I17: =F17*G17*0.5 -> 3476.91 | J17: =H17-I17 -> 3476.91 | K17: =IF(H17=0,0,J17/H17) -> 0.5
A18: 17 | B18: يناير | C18: الشرق | D18: لابتوب برو | E18: نورا إبراهيم | F18: 20 | G18: 4199.57 | H18: =F18*G18 -> 83991.4 | I18: =F18*G18*0.62 -> 52074.668 | J18: =H18-I18 -> 31916.732 | K18: =IF(H18=0,0,J18/H18) -> 0.38
A19: 18 | B19: يناير | C19: الشرق | D19: ساعة ذكية | E19: سارة علي | F19: 34 | G19: 1198.95 | H19: =F19*G19 -> 40764.3 | I19: =F19*G19*0.5 -> 20382.15 | J19: =H19-I19 -> 20382.15 | K19: =IF(H19=0,0,J19/H19) -> 0.5
A20: 19 | B20: فبراير | C20: الجنوب | D20: سماعات لاسلكية | E20: محمود حسن | F20: 11 | G20: 630.06 | H20: =F20*G20 -> 6930.66 | I20: =F20*G20*0.45 -> 3118.797 | J20: =H20-I20 -> 3811.863 | K20: =IF(H20=0,0,J20/H20) -> 0.55
A21: 20 | B21: فبراير | C21: الوسط | D21: ساعة ذكية | E21: محمود حسن | F21: 40 | G21: 1206.82 | H21: =F21*G21 -> 48272.8 | I21: =F21*G21*0.5 -> 24136.4 | J21: =H21-I21 -> 24136.4 | K21: =IF(H21=0,0,J21/H21) -> 0.5
A22: 21 | B22: فبراير | C22: الغرب | D22: ساعة ذكية | E22: محمود حسن | F22: 17 | G22: 1343.36 | H22: =F22*G22 -> 22837.12 | I22: =F22*G22*0.5 -> 11418.56 | J22: =H22-I22 -> 11418.56 | K22: =IF(H22=0,0,J22/H22) -> 0.5
A23: 22 | B23: فبراير | C23: الوسط | D23: هاتف سمارت | E23: نورا إبراهيم | F23: 8 | G23: 2999.24 | H23: =F23*G23 -> 23993.92 | I23: =F23*G23*0.58 -> 13916.474 | J23: =H23-I23 -> 10077.446 | K23: =IF(H23=0,0,J23/H23) -> 0.42
A24: 23 | B24: فبراير | C24: الجنوب | D24: لابتوب برو | E24: سارة علي | F24: 30 | G24: 4676.77 | H24: =F24*G24 -> 140303.1 | I24: =F24*G24*0.62 -> 86987.922 | J24: =H24-I24 -> 53315.178 | K24: =IF(H24=0,0,J24/H24) -> 0.38
A25: 24 | B25: فبراير | C25: الغرب | D25: سماعات لاسلكية | E25: خالد يوسف | F25: 32 | G25: 666.78 | H25: =F25*G25 -> 21336.96 | I25: =F25*G25*0.45 -> 9601.632 | J25: =H25-I25 -> 11735.328 | K25: =IF(H25=0,0,J25/H25) -> 0.55
A26: 25 | B26: فبراير | C26: الشمال | D26: ساعة ذكية | E26: أحمد محمد | F26: 37 | G26: 1284.21 | H26: =F26*G26 -> 47515.77 | I26: =F26*G26*0.5 -> 23757.885 | J26: =H26-I26 -> 23757.885 | K26: =IF(H26=0,0,J26/H26) -> 0.5
A27: 26 | B27: فبراير | C27: الشمال | D27: تابلت إكس | E27: محمود حسن | F27: 30 | G27: 1808.1 | H27: =F27*G27 -> 54243 | I27: =F27*G27*0.55 -> 29833.65 | J27: =H27-I27 -> 24409.35 | K27: =IF(H27=0,0,J27/H27) -> 0.45
A28: 27 | B28: فبراير | C28: الشرق | D28: لابتوب برو | E28: خالد يوسف | F28: 14 | G28: 4596.91 | H28: =F28*G28 -> 64356.74 | I28: =F28*G28*0.62 -> 39901.179 | J28: =H28-I28 -> 24455.561 | K28: =IF(H28=0,0,J28/H28) -> 0.38
A29: 28 | B29: فبراير | C29: الشرق | D29: لابتوب برو | E29: خالد يوسف | F29: 15 | G29: 4277.56 | H29: =F29*G29 -> 64163.4 | I29: =F29*G29*0.62 -> 39781.308 | J29: =H29-I29 -> 24382.092 | K29: =IF(H29=0,0,J29/H29) -> 0.38
A30: 29 | B30: فبراير | C30: الوسط | D30: هاتف سمارت | E30: خالد يوسف | F30: 3 | G30: 2911.41 | H30: =F30*G30 -> 8734.23 | I30: =F30*G30*0.58 -> 5065.8534 | J30: =H30-I30 -> 3668.3766 | K30: =IF(H30=0,0,J30/H30) -> 0.42
A31: 30 | B31: فبراير | C31: الشمال | D31: سماعات لاسلكية | E31: أحمد محمد | F31: 26 | G31: 712.23 | H31: =F31*G31 -> 18517.98 | I31: =F31*G31*0.45 -> 8333.091 | J31: =H31-I31 -> 10184.889 | K31: =IF(H31=0,0,J31/H31) -> 0.55
A32: 31 | B32: فبراير | C32: الجنوب | D32: تابلت إكس | E32: أحمد محمد | F32: 18 | G32: 2081.64 | H32: =F32*G32 -> 37469.52 | I32: =F32*G32*0.55 -> 20608.236 | J32: =H32-I32 -> 16861.284 | K32: =IF(H32=0,0,J32/H32) -> 0.45
A33: 32 | B33: فبراير | C33: الشمال | D33: لابتوب برو | E33: نورا إبراهيم | F33: 7 | G33: 5020.19 | H33: =F33*G33 -> 35141.33 | I33: =F33*G33*0.62 -> 21787.625 | J33: =H33-I33 -> 13353.705 | K33: =IF(H33=0,0,J33/H33) -> 0.38
A34: 33 | B34: فبراير | C34: الجنوب | D34: ساعة ذكية | E34: سارة علي | F34: 33 | G34: 1331.24 | H34: =F34*G34 -> 43930.92 | I34: =F34*G34*0.5 -> 21965.46 | J34: =H34-I34 -> 21965.46 | K34: =IF(H34=0,0,J34/H34) -> 0.5
A35: 34 | B35: فبراير | C35: الشرق | D35: هاتف سمارت | E35: خالد يوسف | F35: 30 | G35: 3116.04 | H35: =F35*G35 -> 93481.2 | I35: =F35*G35*0.58 -> 54219.096 | J35: =H35-I35 -> 39262.104 | K35: =IF(H35=0,0,J35/H35) -> 0.42
A36: 35 | B36: فبراير | C36: الجنوب | D36: ساعة ذكية | E36: محمود حسن | F36: 28 | G36: 1342.84 | H36: =F36*G36 -> 37599.52 | I36: =F36*G36*0.5 -> 18799.76 | J36: =H36-I36 -> 18799.76 | K36: =IF(H36=0,0,J36/H36) -> 0.5
A37: 36 | B37: فبراير | C37: الغرب | D37: تابلت إكس | E37: خالد يوسف | F37: 31 | G37: 1793.98 | H37: =F37*G37 -> 55613.38 | I37: =F37*G37*0.55 -> 30587.359 | J37: =H37-I37 -> 25026.021 | K37: =IF(H37=0,0,J37/H37) -> 0.45
A38: 37 | B38: مارس | C38: الشمال | D38: هاتف سمارت | E38: محمود حسن | F38: 4 | G38: 2905.45 | H38: =F38*G38 -> 11621.8 | I38: =F38*G38*0.58 -> 6740.644 | J38: =H38-I38 -> 4881.156 | K38: =IF(H38=0,0,J38/H38) -> 0.42
A39: 38 | B39: مارس | C39: الوسط | D39: هاتف سمارت | E39: سارة علي | F39: 3 | G39: 2615.76 | H39: =F39*G39 -> 7847.28 | I39: =F39*G39*0.58 -> 4551.4224 | J39: =H39-I39 -> 3295.8576 | K39: =IF(H39=0,0,J39/H39) -> 0.42
A40: 39 | B40: مارس | C40: الجنوب | D40: لابتوب برو | E40: أحمد محمد | F40: 5 | G40: 4913.67 | H40: =F40*G40 -> 24568.35 | I40: =F40*G40*0.62 -> 15232.377 | J40: =H40-I40 -> 9335.973 | K40: =IF(H40=0,0,J40/H40) -> 0.38
A41: 40 | B41: مارس | C41: الوسط | D41: لابتوب برو | E41: سارة علي | F41: 20 | G41: 4742.08 | H41: =F41*G41 -> 94841.6 | I41: =F41*G41*0.62 -> 58801.792 | J41: =H41-I41 -> 36039.808 | K41: =IF(H41=0,0,J41/H41) -> 0.38
A42: 41 | B42: مارس | C42: الوسط | D42: هاتف سمارت | E42: سارة علي | F42: 39 | G42: 2898.68 | H42: =F42*G42 -> 113048.52 | I42: =F42*G42*0.58 -> 65568.142 | J42: =H42-I42 -> 47480.378 | K42: =IF(H42=0,0,J42/H42) -> 0.42
A43: 42 | B43: مارس | C43: الغرب | D43: هاتف سمارت | E43: نورا إبراهيم | F43: 15 | G43: 2628.82 | H43: =F43*G43 -> 39432.3 | I43: =F43*G43*0.58 -> 22870.734 | J43: =H43-I43 -> 16561.566 | K43: =IF(H43=0,0,J43/H43) -> 0.42
A44: 43 | B44: مارس | C44: الشرق | D44: سماعات لاسلكية | E44: نورا إبراهيم | F44: 29 | G44: 658.71 | H44: =F44*G44 -> 19102.59 | I44: =F44*G44*0.45 -> 8596.1655 | J44: =H44-I44 -> 10506.424 | K44: =IF(H44=0,0,J44/H44) -> 0.55
A45: 44 | B45: مارس | C45: الشمال | D45: لابتوب برو | E45: أحمد محمد | F45: 28 | G45: 4795.39 | H45: =F45*G45 -> 134270.92 | I45: =F45*G45*0.62 -> 83247.97 | J45: =H45-I45 -> 51022.95 | K45: =IF(H45=0,0,J45/H45) -> 0.38
A46: 45 | B46: مارس | C46: الجنوب | D46: لابتوب برو | E46: سارة علي | F46: 15 | G46: 4622.66 | H46: =F46*G46 -> 69339.9 | I46: =F46*G46*0.62 -> 42990.738 | J46: =H46-I46 -> 26349.162 | K46: =IF(H46=0,0,J46/H46) -> 0.38
A47: 46 | B47: مارس | C47: الغرب | D47: هاتف سمارت | E47: سارة علي | F47: 20 | G47: 2835.07 | H47: =F47*G47 -> 56701.4 | I47: =F47*G47*0.58 -> 32886.812 | J47: =H47-I47 -> 23814.588 | K47: =IF(H47=0,0,J47/H47) -> 0.42
A48: 47 | B48: مارس | C48: الغرب | D48: لابتوب برو | E48: خالد يوسف | F48: 9 | G48: 4185.53 | H48: =F48*G48 -> 37669.77 | I48: =F48*G48*0.62 -> 23355.257 | J48: =H48-I48 -> 14314.513 | K48: =IF(H48=0,0,J48/H48) -> 0.38
A49: 48 | B49: مارس | C49: الشمال | D49: ساعة ذكية | E49: أحمد محمد | F49: 18 | G49: 1143.91 | H49: =F49*G49 -> 20590.38 | I49: =F49*G49*0.5 -> 10295.19 | J49: =H49-I49 -> 10295.19 | K49: =IF(H49=0,0,J49/H49) -> 0.5
A50: 49 | B50: مارس | C50: الغرب | D50: سماعات لاسلكية | E50: سارة علي | F50: 28 | G50: 715.32 | H50: =F50*G50 -> 20028.96 | I50: =F50*G50*0.45 -> 9013.032 | J50: =H50-I50 -> 11015.928 | K50: =IF(H50=0,0,J50/H50) -> 0.55
A51: 50 | B51: مارس | C51: الغرب | D51: هاتف سمارت | E51: أحمد محمد | F51: 27 | G51: 2724.51 | H51: =F51*G51 -> 73561.77 | I51: =F51*G51*0.58 -> 42665.827 | J51: =H51-I51 -> 30895.943 | K51: =IF(H51=0,0,J51/H51) -> 0.42
A52: 51 | B52: مارس | C52: الشرق | D52: سماعات لاسلكية | E52: نورا إبراهيم | F52: 38 | G52: 684.04 | H52: =F52*G52 -> 25993.52 | I52: =F52*G52*0.45 -> 11697.084 | J52: =H52-I52 -> 14296.436 | K52: =IF(H52=0,0,J52/H52) -> 0.55
A53: 52 | B53: مارس | C53: الجنوب | D53: سماعات لاسلكية | E53: سارة علي | F53: 21 | G53: 626.3 | H53: =F53*G53 -> 13152.3 | I53: =F53*G53*0.45 -> 5918.535 | J53: =H53-I53 -> 7233.765 | K53: =IF(H53=0,0,J53/H53) -> 0.55
A54: 53 | B54: مارس | C54: الوسط | D54: لابتوب برو | E54: خالد يوسف | F54: 6 | G54: 4813.18 | H54: =F54*G54 -> 28879.08 | I54: =F54*G54*0.62 -> 17905.03 | J54: =H54-I54 -> 10974.05 | K54: =IF(H54=0,0,J54/H54) -> 0.38
A55: 54 | B55: مارس | C55: الشمال | D55: لابتوب برو | E55: خالد يوسف | F55: 33 | G55: 4592.57 | H55: =F55*G55 -> 151554.81 | I55: =F55*G55*0.62 -> 93963.982 | J55: =H55-I55 -> 57590.828 | K55: =IF(H55=0,0,J55/H55) -> 0.38
A56: 55 | B56: أبريل | C56: الجنوب | D56: ساعة ذكية | E56: أحمد محمد | F56: 35 | G56: 1123.23 | H56: =F56*G56 -> 39313.05 | I56: =F56*G56*0.5 -> 19656.525 | J56: =H56-I56 -> 19656.525 | K56: =IF(H56=0,0,J56/H56) -> 0.5
A57: 56 | B57: أبريل | C57: الشمال | D57: هاتف سمارت | E57: خالد يوسف | F57: 7 | G57: 2954.12 | H57: =F57*G57 -> 20678.84 | I57: =F57*G57*0.58 -> 11993.727 | J57: =H57-I57 -> 8685.1128 | K57: =IF(H57=0,0,J57/H57) -> 0.42
A58: 57 | B58: أبريل | C58: الغرب | D58: هاتف سمارت | E58: أحمد محمد | F58: 39 | G58: 2713.88 | H58: =F58*G58 -> 105841.32 | I58: =F58*G58*0.58 -> 61387.966 | J58: =H58-I58 -> 44453.354 | K58: =IF(H58=0,0,J58/H58) -> 0.42
A59: 58 | B59: أبريل | C59: الشمال | D59: ساعة ذكية | E59: خالد يوسف | F59: 8 | G59: 1204.61 | H59: =F59*G59 -> 9636.88 | I59: =F59*G59*0.5 -> 4818.44 | J59: =H59-I59 -> 4818.44 | K59: =IF(H59=0,0,J59/H59) -> 0.5
A60: 59 | B60: أبريل | C60: الوسط | D60: ساعة ذكية | E60: خالد يوسف | F60: 23 | G60: 1328.33 | H60: =F60*G60 -> 30551.59 | I60: =F60*G60*0.5 -> 15275.795 | J60: =H60-I60 -> 15275.795 | K60: =IF(H60=0,0,J60/H60) -> 0.5
A61: 60 | B61: أبريل | C61: الشرق | D61: هاتف سمارت | E61: سارة علي | F61: 19 | G61: 2797.64 | H61: =F61*G61 -> 53155.16 | I61: =F61*G61*0.58 -> 30829.993 | J61: =H61-I61 -> 22325.167 | K61: =IF(H61=0,0,J61/H61) -> 0.42
A62: 61 | B62: أبريل | C62: الغرب | D62: تابلت إكس | E62: محمود حسن | F62: 7 | G62: 1751.54 | H62: =F62*G62 -> 12260.78 | I62: =F62*G62*0.55 -> 6743.429 | J62: =H62-I62 -> 5517.351 | K62: =IF(H62=0,0,J62/H62) -> 0.45
A63: 62 | B63: أبريل | C63: الوسط | D63: ساعة ذكية | E63: أحمد محمد | F63: 7 | G63: 1233.03 | H63: =F63*G63 -> 8631.21 | I63: =F63*G63*0.5 -> 4315.605 | J63: =H63-I63 -> 4315.605 | K63: =IF(H63=0,0,J63/H63) -> 0.5
A64: 63 | B64: أبريل | C64: الشرق | D64: ساعة ذكية | E64: سارة علي | F64: 25 | G64: 1315.41 | H64: =F64*G64 -> 32885.25 | I64: =F64*G64*0.5 -> 16442.625 | J64: =H64-I64 -> 16442.625 | K64: =IF(H64=0,0,J64/H64) -> 0.5
A65: 64 | B65: أبريل | C65: الشرق | D65: هاتف سمارت | E65: محمود حسن | F65: 13 | G65: 2821.38 | H65: =F65*G65 -> 36677.94 | I65: =F65*G65*0.58 -> 21273.205 | J65: =H65-I65 -> 15404.735 | K65: =IF(H65=0,0,J65/H65) -> 0.42
A66: 65 | B66: أبريل | C66: الشرق | D66: ساعة ذكية | E66: خالد يوسف | F66: 36 | G66: 1105.88 | H66: =F66*G66 -> 39811.68 | I66: =F66*G66*0.5 -> 19905.84 | J66: =H66-I66 -> 19905.84 | K66: =IF(H66=0,0,J66/H66) -> 0.5
A67: 66 | B67: أبريل | C67: الشرق | D67: ساعة ذكية | E67: أحمد محمد | F67: 11 | G67: 1167.47 | H67: =F67*G67 -> 12842.17 | I67: =F67*G67*0.5 -> 6421.085 | J67: =H67-I67 -> 6421.085 | K67: =IF(H67=0,0,J67/H67) -> 0.5
A68: 67 | B68: أبريل | C68: الوسط | D68: لابتوب برو | E68: سارة علي | F68: 20 | G68: 4393.58 | H68: =F68*G68 -> 87871.6 | I68: =F68*G68*0.62 -> 54480.392 | J68: =H68-I68 -> 33391.208 | K68: =IF(H68=0,0,J68/H68) -> 0.38
A69: 68 | B69: أبريل | C69: الشرق | D69: هاتف سمارت | E69: سارة علي | F69: 19 | G69: 2859.03 | H69: =F69*G69 -> 54321.57 | I69: =F69*G69*0.58 -> 31506.511 | J69: =H69-I69 -> 22815.059 | K69: =IF(H69=0,0,J69/H69) -> 0.42
A70: 69 | B70: أبريل | C70: الشمال | D70: تابلت إكس | E70: أحمد محمد | F70: 30 | G70: 2063.15 | H70: =F70*G70 -> 61894.5 | I70: =F70*G70*0.55 -> 34041.975 | J70: =H70-I70 -> 27852.525 | K70: =IF(H70=0,0,J70/H70) -> 0.45
A71: 70 | B71: أبريل | C71: الشمال | D71: لابتوب برو | E71: محمود حسن | F71: 11 | G71: 4713.4 | H71: =F71*G71 -> 51847.4 | I71: =F71*G71*0.62 -> 32145.388 | J71: =H71-I71 -> 19702.012 | K71: =IF(H71=0,0,J71/H71) -> 0.38
A72: 71 | B72: أبريل | C72: الجنوب | D72: تابلت إكس | E72: نورا إبراهيم | F72: 38 | G72: 2016.15 | H72: =F72*G72 -> 76613.7 | I72: =F72*G72*0.55 -> 42137.535 | J72: =H72-I72 -> 34476.165 | K72: =IF(H72=0,0,J72/H72) -> 0.45
A73: 72 | B73: أبريل | C73: الشمال | D73: ساعة ذكية | E73: أحمد محمد | F73: 7 | G73: 1330.81 | H73: =F73*G73 -> 9315.67 | I73: =F73*G73*0.5 -> 4657.835 | J73: =H73-I73 -> 4657.835 | K73: =IF(H73=0,0,J73/H73) -> 0.5
A74: 73 | B74: مايو | C74: الوسط | D74: هاتف سمارت | E74: أحمد محمد | F74: 26 | G74: 2902.21 | H74: =F74*G74 -> 75457.46 | I74: =F74*G74*0.58 -> 43765.327 | J74: =H74-I74 -> 31692.133 | K74: =IF(H74=0,0,J74/H74) -> 0.42
A75: 74 | B75: مايو | C75: الغرب | D75: هاتف سمارت | E75: سارة علي | F75: 5 | G75: 2748.62 | H75: =F75*G75 -> 13743.1 | I75: =F75*G75*0.58 -> 7970.998 | J75: =H75-I75 -> 5772.102 | K75: =IF(H75=0,0,J75/H75) -> 0.42
A76: 75 | B76: مايو | C76: الشرق | D76: لابتوب برو | E76: سارة علي | F76: 18 | G76: 4740.24 | H76: =F76*G76 -> 85324.32 | I76: =F76*G76*0.62 -> 52901.078 | J76: =H76-I76 -> 32423.242 | K76: =IF(H76=0,0,J76/H76) -> 0.38
A77: 76 | B77: مايو | C77: الوسط | D77: تابلت إكس | E77: نورا إبراهيم | F77: 12 | G77: 2099.79 | H77: =F77*G77 -> 25197.48 | I77: =F77*G77*0.55 -> 13858.614 | J77: =H77-I77 -> 11338.866 | K77: =IF(H77=0,0,J77/H77) -> 0.45
A78: 77 | B78: مايو | C78: الجنوب | D78: هاتف سمارت | E78: سارة علي | F78: 29 | G78: 2589.88 | H78: =F78*G78 -> 75106.52 | I78: =F78*G78*0.58 -> 43561.782 | J78: =H78-I78 -> 31544.738 | K78: =IF(H78=0,0,J78/H78) -> 0.42
A79: 78 | B79: مايو | C79: الغرب | D79: تابلت إكس | E79: سارة علي | F79: 20 | G79: 1808.5 | H79: =F79*G79 -> 36170 | I79: =F79*G79*0.55 -> 19893.5 | J79: =H79-I79 -> 16276.5 | K79: =IF(H79=0,0,J79/H79) -> 0.45
A80: 79 | B80: مايو | C80: الغرب | D80: لابتوب برو | E80: أحمد محمد | F80: 33 | G80: 4340.19 | H80: =F80*G80 -> 143226.27 | I80: =F80*G80*0.62 -> 88800.287 | J80: =H80-I80 -> 54425.983 | K80: =IF(H80=0,0,J80/H80) -> 0.38
A81: 80 | B81: مايو | C81: الشرق | D81: سماعات لاسلكية | E81: محمود حسن | F81: 17 | G81: 626.98 | H81: =F81*G81 -> 10658.66 | I81: =F81*G81*0.45 -> 4796.397 | J81: =H81-I81 -> 5862.263 | K81: =IF(H81=0,0,J81/H81) -> 0.55
A82: 81 | B82: مايو | C82: الغرب | D82: هاتف سمارت | E82: محمود حسن | F82: 20 | G82: 3060.04 | H82: =F82*G82 -> 61200.8 | I82: =F82*G82*0.58 -> 35496.464 | J82: =H82-I82 -> 25704.336 | K82: =IF(H82=0,0,J82/H82) -> 0.42
A83: 82 | B83: مايو | C83: الشرق | D83: تابلت إكس | E83: خالد يوسف | F83: 28 | G83: 2006.22 | H83: =F83*G83 -> 56174.16 | I83: =F83*G83*0.55 -> 30895.788 | J83: =H83-I83 -> 25278.372 | K83: =IF(H83=0,0,J83/H83) -> 0.45
A84: 83 | B84: مايو | C84: الشرق | D84: ساعة ذكية | E84: أحمد محمد | F84: 10 | G84: 1314.49 | H84: =F84*G84 -> 13144.9 | I84: =F84*G84*0.5 -> 6572.45 | J84: =H84-I84 -> 6572.45 | K84: =IF(H84=0,0,J84/H84) -> 0.5
A85: 84 | B85: مايو | C85: الجنوب | D85: تابلت إكس | E85: خالد يوسف | F85: 19 | G85: 1762.54 | H85: =F85*G85 -> 33488.26 | I85: =F85*G85*0.55 -> 18418.543 | J85: =H85-I85 -> 15069.717 | K85: =IF(H85=0,0,J85/H85) -> 0.45
A86: 85 | B86: مايو | C86: الغرب | D86: ساعة ذكية | E86: محمود حسن | F86: 23 | G86: 1208.73 | H86: =F86*G86 -> 27800.79 | I86: =F86*G86*0.5 -> 13900.395 | J86: =H86-I86 -> 13900.395 | K86: =IF(H86=0,0,J86/H86) -> 0.5
A87: 86 | B87: مايو | C87: الشمال | D87: ساعة ذكية | E87: نورا إبراهيم | F87: 39 | G87: 1149.62 | H87: =F87*G87 -> 44835.18 | I87: =F87*G87*0.5 -> 22417.59 | J87: =H87-I87 -> 22417.59 | K87: =IF(H87=0,0,J87/H87) -> 0.5
A88: 87 | B88: مايو | C88: الغرب | D88: لابتوب برو | E88: أحمد محمد | F88: 36 | G88: 4973.02 | H88: =F88*G88 -> 179028.72 | I88: =F88*G88*0.62 -> 110997.81 | J88: =H88-I88 -> 68030.914 | K88: =IF(H88=0,0,J88/H88) -> 0.38
A89: 88 | B89: مايو | C89: الجنوب | D89: ساعة ذكية | E89: محمود حسن | F89: 30 | G89: 1120.79 | H89: =F89*G89 -> 33623.7 | I89: =F89*G89*0.5 -> 16811.85 | J89: =H89-I89 -> 16811.85 | K89: =IF(H89=0,0,J89/H89) -> 0.5
A90: 89 | B90: مايو | C90: الوسط | D90: تابلت إكس | E90: محمود حسن | F90: 10 | G90: 2021.51 | H90: =F90*G90 -> 20215.1 | I90: =F90*G90*0.55 -> 11118.305 | J90: =H90-I90 -> 9096.795 | K90: =IF(H90=0,0,J90/H90) -> 0.45
A91: 90 | B91: مايو | C91: الوسط | D91: تابلت إكس | E91: محمود حسن | F91: 29 | G91: 1871.95 | H91: =F91*G91 -> 54286.55 | I91: =F91*G91*0.55 -> 29857.603 | J91: =H91-I91 -> 24428.947 | K91: =IF(H91=0,0,J91/H91) -> 0.45
A92: 91 | B92: يونيو | C92: الوسط | D92: تابلت إكس | E92: سارة علي | F92: 15 | G92: 1907.77 | H92: =F92*G92 -> 28616.55 | I92: =F92*G92*0.55 -> 15739.103 | J92: =H92-I92 -> 12877.447 | K92: =IF(H92=0,0,J92/H92) -> 0.45
A93: 92 | B93: يونيو | C93: الجنوب | D93: سماعات لاسلكية | E93: خالد يوسف | F93: 39 | G93: 637.12 | H93: =F93*G93 -> 24847.68 | I93: =F93*G93*0.45 -> 11181.456 | J93: =H93-I93 -> 13666.224 | K93: =IF(H93=0,0,J93/H93) -> 0.55
A94: 93 | B94: يونيو | C94: الشمال | D94: ساعة ذكية | E94: محمود حسن | F94: 21 | G94: 1154.44 | H94: =F94*G94 -> 24243.24 | I94: =F94*G94*0.5 -> 12121.62 | J94: =H94-I94 -> 12121.62 | K94: =IF(H94=0,0,J94/H94) -> 0.5
A95: 94 | B95: يونيو | C95: الوسط | D95: ساعة ذكية | E95: محمود حسن | F95: 32 | G95: 1210.03 | H95: =F95*G95 -> 38720.96 | I95: =F95*G95*0.5 -> 19360.48 | J95: =H95-I95 -> 19360.48 | K95: =IF(H95=0,0,J95/H95) -> 0.5
A96: 95 | B96: يونيو | C96: الوسط | D96: هاتف سمارت | E96: نورا إبراهيم | F96: 13 | G96: 2944.96 | H96: =F96*G96 -> 38284.48 | I96: =F96*G96*0.58 -> 22204.998 | J96: =H96-I96 -> 16079.482 | K96: =IF(H96=0,0,J96/H96) -> 0.42
A97: 96 | B97: يونيو | C97: الوسط | D97: تابلت إكس | E97: خالد يوسف | F97: 24 | G97: 1783.49 | H97: =F97*G97 -> 42803.76 | I97: =F97*G97*0.55 -> 23542.068 | J97: =H97-I97 -> 19261.692 | K97: =IF(H97=0,0,J97/H97) -> 0.45
A98: 97 | B98: يونيو | C98: الشرق | D98: هاتف سمارت | E98: سارة علي | F98: 15 | G98: 2658.52 | H98: =F98*G98 -> 39877.8 | I98: =F98*G98*0.58 -> 23129.124 | J98: =H98-I98 -> 16748.676 | K98: =IF(H98=0,0,J98/H98) -> 0.42
A99: 98 | B99: يونيو | C99: الجنوب | D99: لابتوب برو | E99: نورا إبراهيم | F99: 7 | G99: 4549.87 | H99: =F99*G99 -> 31849.09 | I99: =F99*G99*0.62 -> 19746.436 | J99: =H99-I99 -> 12102.654 | K99: =IF(H99=0,0,J99/H99) -> 0.38
A100: 99 | B100: يونيو | C100: الجنوب | D100: ساعة ذكية | E100: نورا إبراهيم | F100: 34 | G100: 1199.92 | H100: =F100*G100 -> 40797.28 | I100: =F100*G100*0.5 -> 20398.64 | J100: =H100-I100 -> 20398.64 | K100: =IF(H100=0,0,J100/H100) -> 0.5
...

Sheet 📊 Dashboard
A1: 📊 لوحة تحليل المبيعات – 2025
A3: تقرير سنوي شامل | إجمالي المبيعات – المنتجات – المناطق – البائعون
A5: 💰 إجمالي المبيعات | D5: 📦 عدد الصفقات | G5: 🏆 صافي الربح | J5: 📈 متوسط نسبة الربح
A6: =SUM('📋 Raw Data'!H2:H217) -> 10482342 | D6: =COUNTA('📋 Raw Data'!A2:A217) -> 216 | G6: =SUM('📋 Raw Data'!J2:J217) -> 4483401 | J6: =AVERAGE('📋 Raw Data'!K2:K217) -> 0.46115741
A9: 📅 المبيعات الشهرية | E9: 🛒 أداء المنتجات | I9: 🗺️ أداء المناطق
A10: الشهر | B10: المبيعات (ج.م) | C10: الربح (ج.م) | E10: المنتج | F10: المبيعات (ج.م) | G10: الكمية | I10: المنطقة | J10: المبيعات (ج.م) | K10: عدد الصفقات
A11: يناير | B11: =SUMPRODUCT(('📋 Raw Data'!B$2:B$217=A11)*'📋 Raw Data'!H$2:H$217) -> 1113303.9 | C11: =SUMPRODUCT(('📋 Raw Data'!B$2:B$217=A11)*'📋 Raw Data'!J$2:J$217) -> 446747.07 | E11: لابتوب برو | F11: =SUMPRODUCT(('📋 Raw Data'!D$2:D$217=E11)*'📋 Raw Data'!H$2:H$217) -> 4212699.1 | G11: =SUMPRODUCT(('📋 Raw Data'!D$2:D$217=E11)*'📋 Raw Data'!F$2:F$217) -> 914 | I11: الشمال | J11: =SUMPRODUCT(('📋 Raw Data'!C$2:C$217=I11)*'📋 Raw Data'!H$2:H$217) -> 1668953.3 | K11: =COUNTIF('📋 Raw Data'!C$2:C$217,I11) -> 35
A12: فبراير | B12: =SUMPRODUCT(('📋 Raw Data'!B$2:B$217=A12)*'📋 Raw Data'!H$2:H$217) -> 824441.55 | C12: =SUMPRODUCT(('📋 Raw Data'!B$2:B$217=A12)*'📋 Raw Data'!J$2:J$217) -> 360621.26 | E12: هاتف سمارت | F12: =SUMPRODUCT(('📋 Raw Data'!D$2:D$217=E12)*'📋 Raw Data'!H$2:H$217) -> 2442295.1 | G12: =SUMPRODUCT(('📋 Raw Data'!D$2:D$217=E12)*'📋 Raw Data'!F$2:F$217) -> 872 | I12: الجنوب | J12: =SUMPRODUCT(('📋 Raw Data'!C$2:C$217=I12)*'📋 Raw Data'!H$2:H$217) -> 1903985.1 | K12: =COUNTIF('📋 Raw Data'!C$2:C$217,I12) -> 41
A13: مارس | B13: =SUMPRODUCT(('📋 Raw Data'!B$2:B$217=A13)*'📋 Raw Data'!H$2:H$217) -> 942205.25 | C13: =SUMPRODUCT(('📋 Raw Data'!B$2:B$217=A13)*'📋 Raw Data'!J$2:J$217) -> 385904.52 | E13: تابلت إكس | F13: =SUMPRODUCT(('📋 Raw Data'!D$2:D$217=E13)*'📋 Raw Data'!H$2:H$217) -> 1837139.6 | G13: =SUMPRODUCT(('📋 Raw Data'!D$2:D$217=E13)*'📋 Raw Data'!F$2:F$217) -> 952 | I13: الشرق | J13: =SUMPRODUCT(('📋 Raw Data'!C$2:C$217=I13)*'📋 Raw Data'!H$2:H$217) -> 1983703.5 | K13: =COUNTIF('📋 Raw Data'!C$2:C$217,I13) -> 43
A14: أبريل | B14: =SUMPRODUCT(('📋 Raw Data'!B$2:B$217=A14)*'📋 Raw Data'!H$2:H$217) -> 744150.31 | C14: =SUMPRODUCT(('📋 Raw Data'!B$2:B$217=A14)*'📋 Raw Data'!J$2:J$217) -> 326116.44 | E14: سماعات لاسلكية | F14: =SUMPRODUCT(('📋 Raw Data'!D$2:D$217=E14)*'📋 Raw Data'!H$2:H$217) -> 699892.69 | G14: =SUMPRODUCT(('📋 Raw Data'!D$2:D$217=E14)*'📋 Raw Data'!F$2:F$217) -> 1058 | I14: الغرب | J14: =SUMPRODUCT(('📋 Raw Data'!C$2:C$217=I14)*'📋 Raw Data'!H$2:H$217) -> 2372972.3 | K14: =COUNTIF('📋 Raw Data'!C$2:C$217,I14) -> 46
A15: مايو | B15: =SUMPRODUCT(('📋 Raw Data'!B$2:B$217=A15)*'📋 Raw Data'!H$2:H$217) -> 988681.97 | C15: =SUMPRODUCT(('📋 Raw Data'!B$2:B$217=A15)*'📋 Raw Data'!J$2:J$217) -> 416647.19 | E15: ساعة ذكية | F15: =SUMPRODUCT(('📋 Raw Data'!D$2:D$217=E15)*'📋 Raw Data'!H$2:H$217) -> 1290315.3 | G15: =SUMPRODUCT(('📋 Raw Data'!D$2:D$217=E15)*'📋 Raw Data'!F$2:F$217) -> 1049 | I15: الوسط | J15: =SUMPRODUCT(('📋 Raw Data'!C$2:C$217=I15)*'📋 Raw Data'!H$2:H$217) -> 2552727.6 | K15: =COUNTIF('📋 Raw Data'!C$2:C$217,I15) -> 51
A16: يونيو | B16: =SUMPRODUCT(('📋 Raw Data'!B$2:B$217=A16)*'📋 Raw Data'!H$2:H$217) -> 815440.57 | C16: =SUMPRODUCT(('📋 Raw Data'!B$2:B$217=A16)*'📋 Raw Data'!J$2:J$217) -> 358943.43
A17: يوليو | B17: =SUMPRODUCT(('📋 Raw Data'!B$2:B$217=A17)*'📋 Raw Data'!H$2:H$217) -> 731338.44 | C17: =SUMPRODUCT(('📋 Raw Data'!B$2:B$217=A17)*'📋 Raw Data'!J$2:J$217) -> 318055.15
A18: أغسطس | B18: =SUMPRODUCT(('📋 Raw Data'!B$2:B$217=A18)*'📋 Raw Data'!H$2:H$217) -> 790221.39 | C18: =SUMPRODUCT(('📋 Raw Data'!B$2:B$217=A18)*'📋 Raw Data'!J$2:J$217) -> 364579.72
A19: سبتمبر | B19: =SUMPRODUCT(('📋 Raw Data'!B$2:B$217=A19)*'📋 Raw Data'!H$2:H$217) -> 821661.43 | C19: =SUMPRODUCT(('📋 Raw Data'!B$2:B$217=A19)*'📋 Raw Data'!J$2:J$217) -> 345696.05
A20: أكتوبر | B20: =SUMPRODUCT(('📋 Raw Data'!B$2:B$217=A20)*'📋 Raw Data'!H$2:H$217) -> 913664.59 | C20: =SUMPRODUCT(('📋 Raw Data'!B$2:B$217=A20)*'📋 Raw Data'!J$2:J$217) -> 384383.43
A21: نوفمبر | B21: =SUMPRODUCT(('📋 Raw Data'!B$2:B$217=A21)*'📋 Raw Data'!H$2:H$217) -> 929140.14 | C21: =SUMPRODUCT(('📋 Raw Data'!B$2:B$217=A21)*'📋 Raw Data'!J$2:J$217) -> 408642.74
A22: ديسمبر | B22: =SUMPRODUCT(('📋 Raw Data'!B$2:B$217=A22)*'📋 Raw Data'!H$2:H$217) -> 868092.28 | C22: =SUMPRODUCT(('📋 Raw Data'!B$2:B$217=A22)*'📋 Raw Data'!J$2:J$217) -> 367064.04
A23: 👤 أداء فريق المبيعات
A24: البائع | B24: إجمالي مبيعاته (ج.م) | C24: عدد صفقاته
A25: أحمد محمد | B25: =SUMPRODUCT(('📋 Raw Data'!E$2:E$217=A25)*'📋 Raw Data'!H$2:H$217) -> 2165301.7 | C25: =COUNTIF('📋 Raw Data'!E$2:E$217,A25) -> 43
A26: سارة علي | B26: =SUMPRODUCT(('📋 Raw Data'!E$2:E$217=A26)*'📋 Raw Data'!H$2:H$217) -> 2813342.1 | C26: =COUNTIF('📋 Raw Data'!E$2:E$217,A26) -> 48
A27: محمود حسن | B27: =SUMPRODUCT(('📋 Raw Data'!E$2:E$217=A27)*'📋 Raw Data'!H$2:H$217) -> 2290290.8 | C27: =COUNTIF('📋 Raw Data'!E$2:E$217,A27) -> 49
A28: نورا إبراهيم | B28: =SUMPRODUCT(('📋 Raw Data'!E$2:E$217=A28)*'📋 Raw Data'!H$2:H$217) -> 1612838.1 | C28: =COUNTIF('📋 Raw Data'!E$2:E$217,A28) -> 36
A29: خالد يوسف | B29: =SUMPRODUCT(('📋 Raw Data'!E$2:E$217=A29)*'📋 Raw Data'!H$2:H$217) -> 1600569.2 | C29: =COUNTIF('📋 Raw Data'!E$2:E$217,A29) -> 40

Sheet 📈 الرسوم البيانية
A1: 📈 الرسوم البيانية التحليلية
A4: بيانات الرسم البياني الشهري
A5: الشهر | B5: المبيعات | C5: الربح
A6: يناير | B6: =SUMPRODUCT(('📋 Raw Data'!B$2:B$217=A6)*'📋 Raw Data'!H$2:H$217) -> 1113303.9 | C6: =SUMPRODUCT(('📋 Raw Data'!B$2:B$217=A6)*'📋 Raw Data'!J$2:J$217) -> 446747.07
A7: فبراير | B7: =SUMPRODUCT(('📋 Raw Data'!B$2:B$217=A7)*'📋 Raw Data'!H$2:H$217) -> 824441.55 | C7: =SUMPRODUCT(('📋 Raw Data'!B$2:B$217=A7)*'📋 Raw Data'!J$2:J$217) -> 360621.26
A8: مارس | B8: =SUMPRODUCT(('📋 Raw Data'!B$2:B$217=A8)*'📋 Raw Data'!H$2:H$217) -> 942205.25 | C8: =SUMPRODUCT(('📋 Raw Data'!B$2:B$217=A8)*'📋 Raw Data'!J$2:J$217) -> 385904.52
A9: أبريل | B9: =SUMPRODUCT(('📋 Raw Data'!B$2:B$217=A9)*'📋 Raw Data'!H$2:H$217) -> 744150.31 | C9: =SUMPRODUCT(('📋 Raw Data'!B$2:B$217=A9)*'📋 Raw Data'!J$2:J$217) -> 326116.44
A10: مايو | B10: =SUMPRODUCT(('📋 Raw Data'!B$2:B$217=A10)*'📋 Raw Data'!H$2:H$217) -> 988681.97 | C10: =SUMPRODUCT(('📋 Raw Data'!B$2:B$217=A10)*'📋 Raw Data'!J$2:J$217) -> 416647.19
A11: يونيو | B11: =SUMPRODUCT(('📋 Raw Data'!B$2:B$217=A11)*'📋 Raw Data'!H$2:H$217) -> 815440.57 | C11: =SUMPRODUCT(('📋 Raw Data'!B$2:B$217=A11)*'📋 Raw Data'!J$2:J$217) -> 358943.43
A12: يوليو | B12: =SUMPRODUCT(('📋 Raw Data'!B$2:B$217=A12)*'📋 Raw Data'!H$2:H$217) -> 731338.44 | C12: =SUMPRODUCT(('📋 Raw Data'!B$2:B$217=A12)*'📋 Raw Data'!J$2:J$217) -> 318055.15
A13: أغسطس | B13: =SUMPRODUCT(('📋 Raw Data'!B$2:B$217=A13)*'📋 Raw Data'!H$2:H$217) -> 790221.39 | C13: =SUMPRODUCT(('📋 Raw Data'!B$2:B$217=A13)*'📋 Raw Data'!J$2:J$217) -> 364579.72
A14: سبتمبر | B14: =SUMPRODUCT(('📋 Raw Data'!B$2:B$217=A14)*'📋 Raw Data'!H$2:H$217) -> 821661.43 | C14: =SUMPRODUCT(('📋 Raw Data'!B$2:B$217=A14)*'📋 Raw Data'!J$2:J$217) -> 345696.05
A15: أكتوبر | B15: =SUMPRODUCT(('📋 Raw Data'!B$2:B$217=A15)*'📋 Raw Data'!H$2:H$217) -> 913664.59 | C15: =SUMPRODUCT(('📋 Raw Data'!B$2:B$217=A15)*'📋 Raw Data'!J$2:J$217) -> 384383.43
A16: نوفمبر | B16: =SUMPRODUCT(('📋 Raw Data'!B$2:B$217=A16)*'📋 Raw Data'!H$2:H$217) -> 929140.14 | C16: =SUMPRODUCT(('📋 Raw Data'!B$2:B$217=A16)*'📋 Raw Data'!J$2:J$217) -> 408642.74
A17: ديسمبر | B17: =SUMPRODUCT(('📋 Raw Data'!B$2:B$217=A17)*'📋 Raw Data'!H$2:H$217) -> 868092.28 | C17: =SUMPRODUCT(('📋 Raw Data'!B$2:B$217=A17)*'📋 Raw Data'!J$2:J$217) -> 367064.04
A20: بيانات المنتجات
A21: المنتج | B21: المبيعات | C21: الكمية
A22: لابتوب برو | B22: =SUMPRODUCT(('📋 Raw Data'!D$2:D$217=A22)*'📋 Raw Data'!H$2:H$217) -> 4212699.1 | C22: =SUMPRODUCT(('📋 Raw Data'!D$2:D$217=A22)*'📋 Raw Data'!F$2:F$217) -> 914
A23: هاتف سمارت | B23: =SUMPRODUCT(('📋 Raw Data'!D$2:D$217=A23)*'📋 Raw Data'!H$2:H$217) -> 2442295.1 | C23: =SUMPRODUCT(('📋 Raw Data'!D$2:D$217=A23)*'📋 Raw Data'!F$2:F$217) -> 872
A24: تابلت إكس | B24: =SUMPRODUCT(('📋 Raw Data'!D$2:D$217=A24)*'📋 Raw Data'!H$2:H$217) -> 1837139.6 | C24: =SUMPRODUCT(('📋 Raw Data'!D$2:D$217=A24)*'📋 Raw Data'!F$2:F$217) -> 952
A25: سماعات لاسلكية | B25: =SUMPRODUCT(('📋 Raw Data'!D$2:D$217=A25)*'📋 Raw Data'!H$2:H$217) -> 699892.69 | C25: =SUMPRODUCT(('📋 Raw Data'!D$2:D$217=A25)*'📋 Raw Data'!F$2:F$217) -> 1058
A26: ساعة ذكية | B26: =SUMPRODUCT(('📋 Raw Data'!D$2:D$217=A26)*'📋 Raw Data'!H$2:H$217) -> 1290315.3 | C26: =SUMPRODUCT(('📋 Raw Data'!D$2:D$217=A26)*'📋 Raw Data'!F$2:F$217) -> 1049
A30: بيانات المناطق
A31: المنطقة | B31: المبيعات
A32: الشمال | B32: =SUMPRODUCT(('📋 Raw Data'!C$2:C$217=A32)*'📋 Raw Data'!H$2:H$217) -> 1668953.3
A33: الجنوب | B33: =SUMPRODUCT(('📋 Raw Data'!C$2:C$217=A33)*'📋 Raw Data'!H$2:H$217) -> 1903985.1
A34: الشرق | B34: =SUMPRODUCT(('📋 Raw Data'!C$2:C$217=A34)*'📋 Raw Data'!H$2:H$217) -> 1983703.5
A35: الغرب | B35: =SUMPRODUCT(('📋 Raw Data'!C$2:C$217=A35)*'📋 Raw Data'!H$2:H$217) -> 2372972.3
A36: الوسط | B36: =SUMPRODUCT(('📋 Raw Data'!C$2:C$217=A36)*'📋 Raw Data'!H$2:H$217) -> 2552727.6
